firstName,lastName,dateOfBirth,address,phoneNumber,email,bloodType
Kameron,Courtenay,1983-11-26,43 Jones Avenue Westminster. MD 21157,01267-745975,Court_Kam@gmail.com,A+
Lucia,Bush,1950-11-22,9787 W. Golden Star st. Loxahatchee. FL 33470,07505-849646,luc-the-bush@outlook.com,O+
Rowan,Kipling,1951-07-27,89 Riverside St. Bowie. MD 20715,01481-749014,notrowanatkinson@gmail.com,A+
Jericho,Alden,1993-07-02,28 Talbot Drive Norcross. GA 30092,07589-875325,jalden@hotmail.com,O+
Netta,Matthews,1992-12-28,851 Buckingham Drive Yakima. WA 98908,07520-249742,NettaMatt@gmail.com,O-
Shelagh,Edwards,1945-01-25,56 E. Nut Swamp Dr. Easton. PA 18042,01721-801334,thesilentone@outlook.com,O+
Sally,Akers,1976-01-24,364 Mammoth Drive Jeffersonville. IN 47130,07459-762315,SallyAkers@gmail.com,A+
Shanene,Becket,1971-09-23,7738 Dogwood Street Orange. NJ 07050,01686-303586,catlover71@gmail.com,A-
Alesha,Caldwell,1961-05-07,7132 Oklahoma Drive Granville. MI 49418,07430-024648,wrath@gmail.com,A+
Denzil,Gladwin,2002-04-18,989 S. Wall St. Scarsdale. NY 10583,01242-250848,DenzilThePenzil@outlook.com,O+
Carlyn,Joyce,1973-06-16,8638 King Street Dearborn Heights. MI 48127,07923-749698,pipoy@gmail.com,O+
Gladys,Ripley,1999-01-25,86 Dogwood Lane Pueblo. CO 81001,01626-422323,ripleys_believe_or_gladys@hotmail.com,O+
Jasmin,Derrickson,1974-01-02,61 Oakland Dr. Stuart. FL 34997,07463-245098,derrickinoakland@outlook.com,O+
Chip,Hunter,1956-03-04,83 S. Glenholme Street New Bedford. MA 02740,01507-762762,chip56@gmail.com,O+
Preston,Thomas,1996-05-25,388 Marsh Ave. Gainesville. VA 20155,07521-353227,thehorse@gmail.com,B-
Shelley,Field,1989-10-03,6 John Ave. East Northport. NY 11731,01502-853086,shelleydarling@hotmail.com,A+
Terri,Elder,1998-03-05,1 Mayflower Lane Drexel Hill. PA 19026,07924-650383,territheelder@gmail.com,B+
Ermintrude,Tatham,1948-02-03,65 Van Dyke Ave. Indian Trail. NC 28079,01796-526875,ermintrudethegermandude@gmail.com,A+
Les,Swallow,1979-06-25,79 Brookside Rd. Bangor. ME 04401,07765-533889,les_swallows@outlook.com,A+
Blanche,Henson,1966-12-03,262 Brewery St. Middle Village. NY 11379,01559-500685,tensiontime@gmail.com,O+